,KMeans_distance,timestamp,temperature
3986,36.66306878129016,2013-12-16 17:25:00,2.084721206
3985,35.061648007828204,2013-12-16 17:20:00,4.117241297
3983,33.53405359488666,2013-12-16 17:10:00,6.918644935
3984,33.429392962211175,2013-12-16 17:15:00,6.440237831
3981,32.8305649318954,2013-12-16 17:00:00,9.633951608
3982,31.69847056722624,2013-12-16 17:05:00,10.00196599
3980,30.50618508595423,2013-12-16 16:55:00,12.41409266
3987,28.361545438890367,2013-12-16 17:30:00,12.12038123
3979,27.954288138569744,2013-12-16 16:50:00,14.6710595
3978,25.965960729760546,2013-12-16 16:45:00,16.45710857
3977,23.933166555369894,2013-12-16 16:40:00,18.5919706
3976,23.116366763227152,2013-12-16 16:35:00,19.27717911
19617,22.322510464537192,2014-02-08 23:00:00,33.17277264
19628,21.931694433914256,2014-02-08 23:55:00,33.86527719
19521,21.77752580460256,2014-02-08 15:00:00,26.43479209
19605,21.59434235332845,2014-02-08 22:00:00,33.39889347
19616,21.469097312333457,2014-02-08 22:55:00,33.62106205
19593,21.42365020883958,2014-02-08 21:00:00,32.72379014
19509,21.36194373086537,2014-02-08 14:00:00,27.00944268
19604,21.33396484950052,2014-02-08 21:55:00,32.88137963
19592,21.324743069118284,2014-02-08 20:55:00,32.01247028
3975,21.264976361365367,2013-12-16 16:30:00,21.73703176
19606,21.187125888138002,2014-02-08 22:05:00,32.63991739
19520,21.09627980314877,2014-02-08 14:55:00,27.44186472
19594,21.023154466437973,2014-02-08 21:05:00,31.96246545
19581,20.875653930264683,2014-02-08 20:00:00,32.79175195
19508,20.824782693332146,2014-02-08 13:55:00,27.86689974
19603,20.808366144607085,2014-02-08 21:50:00,32.33442622
19615,20.688853849781466,2014-02-08 22:50:00,33.51633481
19591,20.614192575813227,2014-02-08 20:50:00,31.79080695
19522,20.5737505977222,2014-02-08 15:05:00,27.01604579
19510,20.496298993135742,2014-02-08 14:05:00,27.05223016
19618,20.451775368910035,2014-02-08 23:05:00,35.02164686
19519,20.444822664432273,2014-02-08 14:50:00,27.13922521
3974,20.435915572222513,2013-12-16 16:25:00,22.9838387
19496,20.243813836808204,2014-02-08 12:55:00,28.87987444
19619,20.233159466250875,2014-02-08 23:10:00,34.20195241
19497,20.20082052679596,2014-02-08 13:00:00,28.88453303
19532,20.14457081187521,2014-02-08 15:55:00,29.08801264
19523,20.144259103033153,2014-02-08 15:10:00,26.63045192
19485,20.08492800546279,2014-02-08 12:00:00,29.13736079
19625,20.081255504796538,2014-02-08 23:40:00,33.57399823
19627,20.078761956766076,2014-02-08 23:50:00,35.70630711
19582,20.05758522156006,2014-02-08 20:05:00,32.75479137
3973,20.050926749348818,2013-12-16 16:20:00,23.82904352
19518,20.036681507342447,2014-02-08 14:45:00,26.7177708
19608,19.983557476075795,2014-02-08 22:15:00,32.68991757
19595,19.981123518642207,2014-02-08 21:10:00,32.60499863
19620,19.980190647805582,2014-02-08 23:15:00,33.75380103
19607,19.936198804224215,2014-02-08 22:10:00,33.66054894
19498,19.919573667799273,2014-02-08 13:05:00,27.96898542
19511,19.918233177217644,2014-02-08 14:10:00,26.90334248
19506,19.907782412238056,2014-02-08 13:45:00,26.90880571
19484,19.89369138755099,2014-02-08 11:55:00,29.60027776
19725,19.86229536305525,2014-02-09 08:00:00,30.20230209
19748,19.861808086864375,2014-02-09 09:55:00,29.8409167
19736,19.844583347539164,2014-02-09 08:55:00,30.24051153
19760,19.827383725828433,2014-02-09 10:55:00,29.60733531
19622,19.74637665808407,2014-02-08 23:25:00,33.27561114
19512,19.707221804371006,2014-02-08 14:15:00,26.43806278
19531,19.65204937340406,2014-02-08 15:50:00,28.51500186
19507,19.64501858322042,2014-02-08 13:50:00,28.42258634
19724,19.64063028845721,2014-02-09 07:55:00,30.33908486
19712,19.585146475990662,2014-02-09 06:55:00,30.64807823
19701,19.566683726234682,2014-02-09 06:00:00,30.67199471
19515,19.55324144799678,2014-02-08 14:30:00,25.88775208
19568,19.546424811810784,2014-02-08 18:55:00,30.82959784
19524,19.52614430174254,2014-02-08 15:15:00,26.81343428
19614,19.51822967423705,2014-02-08 22:45:00,34.40905618
19626,19.461392148145535,2014-02-08 23:45:00,35.60656429
19621,19.46010375515371,2014-02-08 23:20:00,34.08313728
19611,19.43044983031888,2014-02-08 22:30:00,32.7765795
19713,19.430289587467776,2014-02-09 07:00:00,30.68700009
19652,19.42095455927526,2014-02-09 01:55:00,33.22510702
19602,19.40154797789559,2014-02-08 21:45:00,33.62566204
19612,19.39046538871571,2014-02-08 22:35:00,33.14127672
19597,19.36839391823729,2014-02-08 21:20:00,32.21157653
19596,19.361423467688645,2014-02-08 21:15:00,32.807984399999995
19516,19.285207089569212,2014-02-08 14:35:00,26.57709669
19613,19.265318677195758,2014-02-08 22:40:00,33.95895848
19623,19.254402257355533,2014-02-08 23:30:00,34.15093414
19525,19.251385350698413,2014-02-08 15:20:00,26.71674166
19610,19.23273489809199,2014-02-08 22:25:00,33.12343341
3972,19.203169568406064,2013-12-16 16:15:00,25.68067158
19700,19.189629993807642,2014-02-09 05:55:00,31.61899359
19737,19.186397481420205,2014-02-09 09:00:00,30.98434971
19533,19.184178284362098,2014-02-08 16:00:00,30.87096441
19688,19.176660366776222,2014-02-09 04:55:00,32.02004341
19495,19.172601073580083,2014-02-08 12:50:00,29.26456305
19473,19.17239830201059,2014-02-08 11:00:00,30.81680427
19494,19.145458364365787,2014-02-08 12:45:00,28.2004452
19590,19.12949915971555,2014-02-08 20:45:00,33.20641473
19640,19.118945676084035,2014-02-09 00:55:00,34.49045616
19665,19.10768436212702,2014-02-09 03:00:00,32.59371201
19569,19.101952846112276,2014-02-08 19:00:00,32.00308397
19544,19.083759633951008,2014-02-08 16:55:00,31.04771674
19664,19.079238192612674,2014-02-09 02:55:00,33.20007261
19747,19.02360628847036,2014-02-09 09:50:00,29.83845524
19583,19.02285487363385,2014-02-08 20:10:00,33.39425162
19749,19.000514196319322,2014-02-09 10:00:00,31.00616551
19624,18.986772773341723,2014-02-08 23:35:00,34.93813896
19726,18.973067238787188,2014-02-09 08:05:00,30.28800307
19580,18.91167704750002,2014-02-08 19:55:00,32.33982306
19529,18.863806565886687,2014-02-08 15:40:00,27.8822206
19514,18.83728674848727,2014-02-08 14:25:00,27.02299853
19530,18.828058948109668,2014-02-08 15:45:00,28.76582717
19517,18.821365508987483,2014-02-08 14:40:00,27.86252302
19761,18.82024579858117,2014-02-09 11:00:00,31.09676165
19598,18.807062864770078,2014-02-08 21:25:00,32.89711276
19699,18.801201772994222,2014-02-09 05:50:00,30.84735142
19588,18.76602524309708,2014-02-08 20:35:00,32.37352649
3971,18.755367634690842,2013-12-16 16:10:00,27.21222794
19762,18.748231148948435,2014-02-09 11:05:00,29.78973653
19546,18.74673725214235,2014-02-08 17:05:00,30.4335528
19687,18.74419683809858,2014-02-09 04:50:00,31.31787296
19557,18.71584074275203,2014-02-08 18:00:00,32.26613405
19555,18.71411804194182,2014-02-08 17:50:00,30.49232606
19527,18.713883471382683,2014-02-08 15:30:00,27.30947589
19653,18.71309721576901,2014-02-09 02:00:00,33.84525593
19629,18.70310286572833,2014-02-09 00:00:00,35.24360884
19534,18.690963222482157,2014-02-08 16:05:00,30.281602000000003
19545,18.69000539717164,2014-02-08 17:00:00,31.97747291
19711,18.6858887274838,2014-02-09 06:50:00,30.7490175
19513,18.64244321023617,2014-02-08 14:20:00,27.60635926
19689,18.640361802436004,2014-02-09 05:00:00,32.56562591
19609,18.612056951908777,2014-02-08 22:20:00,34.52993116
19723,18.558651484330284,2014-02-09 07:50:00,30.74814355
19587,18.53344222322545,2014-02-08 20:30:00,32.48597077
19584,18.476263947431125,2014-02-08 20:15:00,33.47059509
19601,18.470654239480467,2014-02-08 21:40:00,34.39073063
19472,18.443642351861968,2014-02-08 10:55:00,32.31308445
19727,18.424267487781346,2014-02-09 08:10:00,30.08058068
19599,18.423902729923366,2014-02-08 21:30:00,33.57320645
19759,18.417700963706253,2014-02-09 10:50:00,30.5728712
19500,18.406977029001347,2014-02-08 13:15:00,28.52259684
19556,18.404880519394236,2014-02-08 17:55:00,32.482214
19579,18.381140812912165,2014-02-08 19:50:00,31.79928547
19642,18.380323370251624,2014-02-09 01:05:00,33.57565861
19750,18.376934687267138,2014-02-09 10:05:00,30.63659232
19483,18.361894497006332,2014-02-08 11:50:00,30.77339762
19600,18.351922391246106,2014-02-08 21:35:00,34.00083928
19474,18.344828069176874,2014-02-08 11:05:00,30.79737598
19589,18.341662243724304,2014-02-08 20:40:00,33.71018249
19499,18.339530511118443,2014-02-08 13:10:00,29.46889572
19471,18.331428222445634,2014-02-08 10:50:00,31.04573726
19676,18.318801666003626,2014-02-09 03:55:00,34.00517853
19733,18.311798502187475,2014-02-09 08:40:00,29.42616166
19505,18.307168248698574,2014-02-08 13:40:00,28.68956624
19739,18.283257256507312,2014-02-09 09:10:00,29.9492614
19722,18.28324330537968,2014-02-09 07:45:00,30.08070418
19751,18.278688464449626,2014-02-09 10:10:00,29.66527319
19677,18.264470463675483,2014-02-09 04:00:00,33.61901353
19641,18.238757383431476,2014-02-09 01:00:00,35.35994363
19586,18.227557063738686,2014-02-08 20:25:00,33.02089301
19448,18.220022658197507,2014-02-08 08:55:00,33.41287418
19738,18.213888148528685,2014-02-09 09:05:00,31.2150728
19734,18.21264087780858,2014-02-09 08:45:00,30.44556784
19735,18.201823196731866,2014-02-09 08:50:00,31.62264517
19526,18.201361843793535,2014-02-08 15:25:00,28.13966046
19715,18.19390125017708,2014-02-09 07:10:00,30.22603884
3969,18.193460567451872,2013-12-16 16:00:00,30.69964858
19535,18.15973148570689,2014-02-08 16:10:00,30.04490016
19482,18.131876505360257,2014-02-08 11:45:00,30.02190974
19501,18.122263867426213,2014-02-08 13:20:00,28.43934042
19503,18.105094271494643,2014-02-08 13:30:00,28.19350637
19650,18.096109559551014,2014-02-09 01:45:00,32.89429465
19543,18.093615249541898,2014-02-08 16:50:00,31.30731434
19585,18.092477109952636,2014-02-08 20:20:00,33.55600437
19486,18.081687111234086,2014-02-08 12:05:00,31.10798131
19542,18.072675509471207,2014-02-08 16:45:00,30.19489085
19504,18.034645806670383,2014-02-08 13:35:00,28.58495502
19462,18.033793116974827,2014-02-08 10:05:00,31.55514265
19702,18.032223766894276,2014-02-09 06:05:00,31.86207774
19567,18.000489024203446,2014-02-08 18:50:00,32.05204694
19746,17.97907236903684,2014-02-09 09:45:00,30.47071162
19662,17.94239236256436,2014-02-09 02:45:00,32.53890559
19690,17.906338639542167,2014-02-09 05:05:00,32.38219045
19459,17.88147190016561,2014-02-08 09:50:00,32.13076877
19663,17.86099227182729,2014-02-09 02:50:00,33.87651268
19691,17.853814738844296,2014-02-09 05:10:00,31.31242532
19752,17.848777858466004,2014-02-09 10:15:00,29.54228857
19667,17.84196165153131,2014-02-09 03:10:00,32.16713992
19571,17.840908043577173,2014-02-08 19:10:00,31.56908839
19675,17.83114832189134,2014-02-09 03:50:00,33.37451325
19639,17.82486780769141,2014-02-09 00:50:00,35.32467369
19502,17.822857698649738,2014-02-08 13:25:00,28.65628801
19674,17.80410435605138,2014-02-09 03:45:00,32.23851375
19678,17.7971787860262,2014-02-09 04:05:00,32.95856944
19559,17.790851232888095,2014-02-08 18:10:00,31.24735179
19630,17.771937490111014,2014-02-09 00:05:00,35.41470784
19570,17.771738984078098,2014-02-08 19:05:00,32.86862643
19493,17.76411002340652,2014-02-08 12:40:00,29.65401173
19460,17.75516605175571,2014-02-08 09:55:00,33.85643289
19487,17.720683271989063,2014-02-08 12:10:00,30.57627902
19461,17.71025459011214,2014-02-08 10:00:00,33.61549172
19714,17.701498412562252,2014-02-09 07:05:00,32.21416306
19528,17.693487670111086,2014-02-08 15:35:00,29.25443175
19651,17.689128022342892,2014-02-09 01:50:00,34.83487287
19578,17.68266944427623,2014-02-08 19:45:00,31.84616818
19741,17.658929028503874,2014-02-09 09:20:00,29.58859552
19558,17.636703723741366,2014-02-08 18:05:00,32.68969593
19654,17.634845111218024,2014-02-09 02:05:00,34.27752887
19491,17.634122654201384,2014-02-08 12:30:00,29.02950232
19541,17.6300045805897,2014-02-08 16:40:00,30.09155091
19732,17.622116139536384,2014-02-09 08:35:00,30.02144253
19449,17.601258531357978,2014-02-08 09:00:00,34.12959421
19547,17.553647226421997,2014-02-08 17:10:00,31.32774235
19536,17.539696167576277,2014-02-08 16:15:00,30.24229096
19437,17.529730709705763,2014-02-08 08:00:00,34.66410663
19758,17.52443636826217,2014-02-09 10:45:00,30.95263689
19666,17.519374549690518,2014-02-09 03:05:00,33.92571243
19450,17.490712655947636,2014-02-08 09:05:00,32.81618429
19704,17.479134195561876,2014-02-09 06:15:00,30.79829419
3970,17.467474520166157,2013-12-16 16:05:00,30.50446055
19731,17.446150338318247,2014-02-09 08:30:00,30.03444646
19719,17.431641978749475,2014-02-09 07:30:00,29.81913504
19643,17.42882127817213,2014-02-09 01:10:00,34.080054
19463,17.421667371834065,2014-02-08 10:10:00,31.45281656
19692,17.384586898087214,2014-02-09 05:15:00,31.25437694
19770,17.383248020441883,2014-02-09 11:45:00,30.97552758
19492,17.375476596595465,2014-02-08 12:35:00,29.74236248
19553,17.347903623587552,2014-02-08 17:40:00,30.81792026
19668,17.34550712783393,2014-02-09 03:15:00,32.15556743
19340,17.341054856810562,2014-02-07 23:55:00,45.40691829
19740,17.339799866263427,2014-02-09 09:15:00,30.6985552
19632,17.333919192772434,2014-02-09 00:15:00,34.06766503
19763,17.31938145207785,2014-02-09 11:10:00,31.08115456
19686,17.316774980924844,2014-02-09 04:45:00,32.62814228
19565,17.311575629728594,2014-02-08 18:40:00,31.20747208
19554,17.30747557494973,2014-02-08 17:45:00,31.7571751
19696,17.284348381171696,2014-02-09 05:35:00,30.85579742
19475,17.279342029667713,2014-02-08 11:10:00,31.477618
19470,17.275902555787603,2014-02-08 10:45:00,31.71067997
19661,17.27261659802891,2014-02-09 02:40:00,32.83038455
19489,17.262680047575433,2014-02-08 12:20:00,29.93062046
19703,17.25729985305639,2014-02-09 06:10:00,32.04210451
19679,17.239804033499336,2014-02-09 04:10:00,32.75826772
19765,17.224559025746466,2014-02-09 11:20:00,29.81358016
19633,17.21308973980221,2014-02-09 00:20:00,33.68182589
19718,17.210624383328952,2014-02-09 07:25:00,30.18797053
19561,17.12633604687535,2014-02-08 18:20:00,30.94754751
19575,17.113194238439885,2014-02-08 19:30:00,31.08794276
19743,17.11315020299221,2014-02-09 09:30:00,30.22828132
3968,17.106949231312083,2013-12-16 15:55:00,32.45494267
19488,17.08641740424655,2014-02-08 12:15:00,30.80034788
19656,17.070454776060306,2014-02-09 02:15:00,33.18397705
19757,17.067593492159308,2014-02-09 10:40:00,30.87167037
19638,17.0558741295898,2014-02-09 00:45:00,35.50477858
19645,17.0538897334932,2014-02-09 01:20:00,33.24968612
19710,17.053794432121045,2014-02-09 06:45:00,32.40106536
19560,17.051738735979544,2014-02-08 18:15:00,31.65539567
19673,17.04379206539994,2014-02-09 03:40:00,32.68721261
19709,17.033686864755268,2014-02-09 06:40:00,31.56246065
19537,17.02843096058722,2014-02-08 16:20:00,30.54091457
19490,16.971336811949385,2014-02-08 12:25:00,30.13984525
19631,16.970668543065848,2014-02-09 00:10:00,35.65706533
19698,16.96366580522435,2014-02-09 05:45:00,32.86380858
19573,16.9571985973815,2014-02-08 19:20:00,31.64681807
19478,16.946215575639144,2014-02-08 11:25:00,30.32212341
19728,16.94551980933111,2014-02-09 08:15:00,31.75949762
19480,16.91264554007378,2014-02-08 11:35:00,30.66658199
19769,16.90065055626402,2014-02-09 11:40:00,30.93886148
19566,16.89893346046143,2014-02-08 18:45:00,32.80990187
19438,16.87922143192276,2014-02-08 08:05:00,34.31753233
19424,16.871123175435933,2014-02-08 06:55:00,35.79444832
19682,16.865675904993427,2014-02-09 04:25:00,31.65797734
19744,16.85817420698094,2014-02-09 09:35:00,30.95195602
19469,16.85583673540276,2014-02-08 10:40:00,31.56471764
19572,16.852002856907212,2014-02-08 19:15:00,32.41766216
19745,16.845687954523854,2014-02-09 09:40:00,31.555293
19721,16.8456215907043,2014-02-09 07:40:00,31.66608085
19672,16.820226611031725,2014-02-09 03:35:00,32.48968314
19717,16.799836269004107,2014-02-09 07:20:00,31.16640691
19564,16.798563639253366,2014-02-08 18:35:00,31.51350875
19767,16.797007400091136,2014-02-09 11:30:00,30.25417261
19468,16.795192277197927,2014-02-08 10:35:00,31.08796919
19548,16.794414040779337,2014-02-08 17:15:00,31.771592
19716,16.780592820239495,2014-02-09 07:15:00,31.77508786
19576,16.76700452881393,2014-02-08 19:35:00,31.97895463
19680,16.76699741380117,2014-02-09 04:15:00,32.7049341
19550,16.752614011636567,2014-02-08 17:25:00,30.97404213
19697,16.733670003442445,2014-02-09 05:40:00,32.38311623
19647,16.725065127379285,2014-02-09 01:30:00,33.53836862
19655,16.714663603902398,2014-02-09 02:10:00,34.73131416
19648,16.70263906406742,2014-02-09 01:35:00,33.88047495
19447,16.66976338678668,2014-02-08 08:50:00,34.70927264
19481,16.668669194274166,2014-02-08 11:40:00,31.66734549
19755,16.647461127524284,2014-02-09 10:30:00,30.72721278
19729,16.64019916134583,2014-02-09 08:20:00,31.70716786
19477,16.63080583873957,2014-02-08 11:20:00,31.14882249
19753,16.621884624612136,2014-02-09 10:20:00,31.05835626
19476,16.611302280064944,2014-02-08 11:15:00,31.76443225
19577,16.606915082708127,2014-02-08 19:40:00,32.85257126
19435,16.603368236992466,2014-02-08 07:50:00,34.50600617
19562,16.595870339046854,2014-02-08 18:25:00,31.57327092
19764,16.588141066470545,2014-02-09 11:15:00,31.4758338
19708,16.5775674556838,2014-02-09 06:35:00,31.76931259
19329,16.559924215171847,2014-02-07 23:00:00,47.16443489
19539,16.55109147045188,2014-02-08 16:30:00,31.07138954
19466,16.535840158291734,2014-02-08 10:25:00,31.24466023
19339,16.527708946807053,2014-02-07 23:50:00,45.35114179
19720,16.51538867353462,2014-02-09 07:35:00,31.65603994
19549,16.507391208284954,2014-02-08 17:20:00,31.68724275
19681,16.497275870399232,2014-02-09 04:20:00,32.58980702
19644,16.489107645219786,2014-02-09 01:15:00,34.87488318
19768,16.479013583916142,2014-02-09 11:35:00,31.08622547
19669,16.475485921400704,2014-02-09 03:20:00,33.09459729
19637,16.447612276844502,2014-02-09 00:40:00,35.69880674
19730,16.440913735045253,2014-02-09 08:25:00,31.76282306
19479,16.438862941386446,2014-02-08 11:30:00,31.19156563
19436,16.4339917639486,2014-02-08 07:55:00,36.37180059
19684,16.415068120803937,2014-02-09 04:35:00,32.73642516
19540,16.403622057700616,2014-02-08 16:35:00,31.61677641
19412,16.39420549478834,2014-02-08 05:55:00,37.02328168
19635,16.392435038291055,2014-02-09 00:30:00,34.86762689
19685,16.38378031321737,2014-02-09 04:40:00,33.38664638
19705,16.37906587197142,2014-02-09 06:20:00,32.11113412
19694,16.36000642019828,2014-02-09 05:25:00,32.15461056
19706,16.358431887762528,2014-02-09 06:25:00,31.85660645
19649,16.32625049273573,2014-02-09 01:40:00,35.17879383
19754,16.29953108166472,2014-02-09 10:25:00,31.32606052
19707,16.29754940396972,2014-02-09 06:30:00,31.96266078
19467,16.28371816389933,2014-02-08 10:30:00,31.68283609
19742,16.27026421814868,2014-02-09 09:25:00,31.67843945
19657,16.248091684557032,2014-02-09 02:20:00,34.05587785
19756,16.238048531687433,2014-02-09 10:35:00,31.72620384
19538,16.21333694675996,2014-02-08 16:25:00,31.65497151
19464,16.20586684749735,2014-02-08 10:15:00,32.70383369
19658,16.189946775215535,2014-02-09 02:25:00,33.85905904
19425,16.183755749860097,2014-02-08 07:00:00,36.83927414
19330,16.177091555795947,2014-02-07 23:05:00,46.13365072
19634,16.17529365483694,2014-02-09 00:25:00,35.26670386
19458,16.145558093739258,2014-02-08 09:45:00,34.03521109
19563,16.11996881674278,2014-02-08 18:30:00,32.40552021
19574,16.119426212232078,2014-02-08 19:25:00,32.82323411
19552,16.08569475226167,2014-02-08 17:35:00,32.42664943
19465,16.065264881156256,2014-02-08 10:20:00,32.35902129
19328,16.05348519426522,2014-02-07 22:55:00,46.94337792
19683,16.03788763092352,2014-02-09 04:30:00,33.1051823
19636,16.035691844042,2014-02-09 00:35:00,35.84027351
19551,16.0356610544057,2014-02-08 17:30:00,32.21898830000001
19446,16.02316633800362,2014-02-08 08:45:00,34.66278524
19646,16.00701535041674,2014-02-09 01:25:00,34.8372465
19766,15.997249796067234,2014-02-09 11:25:00,31.6290113
19671,15.97757114502233,2014-02-09 03:30:00,33.68414188
19457,15.941477192381763,2014-02-08 09:40:00,33.49156022
19695,15.94025779190868,2014-02-09 05:30:00,32.89047391
19693,15.935146855185888,2014-02-09 05:20:00,33.19498125
19439,15.886724807077888,2014-02-08 08:10:00,34.91045416
19659,15.88399231328533,2014-02-09 02:30:00,34.41294062
19660,15.860793059797569,2014-02-09 02:35:00,34.76213872
19452,15.857507120143703,2014-02-08 09:15:00,33.63998163
19451,15.855569829002256,2014-02-08 09:10:00,34.56199658
19670,15.853411713870477,2014-02-09 03:25:00,33.90626907
19401,15.845721051054154,2014-02-08 05:00:00,38.07540386
19317,15.804564147186792,2014-02-07 22:00:00,47.52361042
19453,15.761264981317668,2014-02-08 09:20:00,33.20924363
19440,15.642261612851168,2014-02-08 08:15:00,34.43275866
19445,15.514224614464647,2014-02-08 08:40:00,34.67205532
19455,15.500267882614342,2014-02-08 09:30:00,33.37793471
19456,15.470235136672358,2014-02-08 09:35:00,33.73597375
19771,15.468934802122227,2014-02-09 11:50:00,35.62412938
19423,15.434694898122032,2014-02-08 06:50:00,36.91895932
19413,15.428058535448208,2014-02-08 06:00:00,38.55219768
19414,15.418960102852887,2014-02-08 06:05:00,36.94350456
19426,15.29274043785337,2014-02-08 07:05:00,36.93841282
3988,15.256387411959606,2013-12-16 17:35:00,32.00170328
19433,15.213467030239444,2014-02-08 07:40:00,34.896682500000004
19388,15.205763172849448,2014-02-08 03:55:00,40.33576107
19332,15.167982301562471,2014-02-07 23:15:00,45.76381338
19454,15.13758842627728,2014-02-08 09:25:00,34.03420212
19376,15.134823861746924,2014-02-08 02:55:00,41.12757419
19338,15.104119147761699,2014-02-07 23:45:00,47.03048844
19331,15.095595859662257,2014-02-07 23:10:00,47.05679088
19441,15.094942109620044,2014-02-08 08:20:00,34.82385733
19400,15.05426447408252,2014-02-08 04:55:00,40.10114535
19336,14.993424313660071,2014-02-07 23:35:00,45.40564636
19443,14.966912547462128,2014-02-08 08:30:00,34.75154534
19411,14.935854980563272,2014-02-08 05:50:00,38.21991984
19337,14.909973111768888,2014-02-07 23:40:00,46.33290026
3967,14.847135644322014,2013-12-16 15:50:00,35.07245553
19415,14.828122189602302,2014-02-08 06:10:00,36.79074012
19326,14.776287900225906,2014-02-07 22:45:00,46.41796917
19434,14.737144970531373,2014-02-08 07:45:00,36.72271914
19444,14.734523531041443,2014-02-08 08:35:00,35.49786592
19432,14.7147999469292,2014-02-08 07:35:00,35.19517988
19365,14.708033105481991,2014-02-08 02:00:00,42.01888967
19327,14.686551691604093,2014-02-07 22:50:00,48.16173707
19422,14.648178493026306,2014-02-08 06:45:00,37.13821984
19377,14.622337176688452,2014-02-08 03:00:00,41.5399956
19442,14.59143334882755,2014-02-08 08:25:00,35.450041799999994
19318,14.561308222413263,2014-02-07 22:05:00,48.46513678
19334,14.451837096030108,2014-02-07 23:25:00,46.2342002
19428,14.450807812058716,2014-02-08 07:15:00,36.3088873
19430,14.429723057727212,2014-02-08 07:25:00,35.41025841
19316,14.406532527379206,2014-02-07 21:55:00,49.51040382
19421,14.402065402423696,2014-02-08 06:40:00,36.64729792
19335,14.372855267837616,2014-02-07 23:30:00,46.41004714
19389,14.353486708566868,2014-02-08 04:00:00,41.54545549
19427,14.2716512301544,2014-02-08 07:10:00,37.61005781
19352,14.210568925493028,2014-02-08 00:55:00,44.79635945
19364,14.206403628473826,2014-02-08 01:55:00,43.89784601
19341,14.20175535864599,2014-02-08 00:00:00,44.80688124
19387,14.190981545328384,2014-02-08 03:50:00,40.69634404
19431,14.179148500380867,2014-02-08 07:30:00,35.87612205
19333,14.131413673217168,2014-02-07 23:20:00,47.34047672
19410,14.120046892714212,2014-02-08 05:45:00,38.50288978
19399,14.080130110297835,2014-02-08 04:50:00,40.37632385
19305,14.06803489903835,2014-02-07 21:00:00,50.3515059
19304,14.058758676092452,2014-02-07 20:55:00,49.12552808
19409,14.01997428499644,2014-02-08 05:40:00,37.71402559
19416,14.012887062630133,2014-02-08 06:15:00,37.38743031
16989,14.007705511723334,2014-01-30 20:00:00,53.95208324
19429,14.001222299494584,2014-02-08 07:20:00,36.52423117
19402,13.978949158022717,2014-02-08 05:05:00,40.12608065
17025,13.964667516586792,2014-01-30 23:00:00,59.22001829
19420,13.95387518810125,2014-02-08 06:35:00,36.86034799
19363,13.91661599894247,2014-02-08 01:50:00,42.69159807
19375,13.835380632821343,2014-02-08 02:50:00,42.097787200000006
19306,13.812075250553631,2014-02-07 21:05:00,48.93097271
19325,13.808624379912676,2014-02-07 22:40:00,47.47392072
19320,13.784031712687664,2014-02-07 22:15:00,47.53537232
17024,13.751025763464419,2014-01-30 22:55:00,57.94598993
16977,13.741591983474207,2014-01-30 19:00:00,46.62703434
19386,13.719727546805027,2014-02-08 03:45:00,40.28389419
19319,13.694462427102224,2014-02-07 22:10:00,48.92819317
19390,13.678358904421195,2014-02-08 04:05:00,41.20191724
19354,13.647072728784062,2014-02-08 01:05:00,43.2713445
19315,13.63397727807922,2014-02-07 21:50:00,49.35000845
19403,13.63228568201196,2014-02-08 05:10:00,39.46909278
17026,13.600239258782764,2014-01-30 23:05:00,57.66589348
19378,13.590422382977723,2014-02-08 03:05:00,41.94835863
19353,13.585425774636805,2014-02-08 01:00:00,45.29413471
3966,13.560292286323916,2013-12-16 15:45:00,36.24965328
19408,13.526786949247171,2014-02-08 05:35:00,38.01951263
19321,13.488125353682502,2014-02-07 22:20:00,47.44274773
19417,13.483752240997932,2014-02-08 06:20:00,37.76166671
17001,13.453709274955878,2014-01-30 21:00:00,57.12145548
19392,13.450979935813182,2014-02-08 04:15:00,39.26537555
19419,13.438221816599118,2014-02-08 06:30:00,37.52627528
19418,13.43078940507327,2014-02-08 06:25:00,37.54001524
19303,13.427757670646574,2014-02-07 20:50:00,48.62938293
19374,13.425931011426236,2014-02-08 02:45:00,41.54173341
17013,13.39551092389709,2014-01-30 22:00:00,59.11150257
19391,13.36143017515896,2014-02-08 04:10:00,40.46801319
19293,13.35364789812422,2014-02-07 20:00:00,50.86876313
16976,13.287044020478032,2014-01-30 18:55:00,47.19916354
19404,13.281504215656195,2014-02-08 05:15:00,39.16355231
19323,13.253387584765196,2014-02-07 22:30:00,47.59503947
19366,13.241427227017601,2014-02-08 02:05:00,43.37673591
19398,13.23800516946744,2014-02-08 04:45:00,40.72720565
16990,13.175078014522288,2014-01-30 20:05:00,53.93373971
17023,13.167156569382927,2014-01-30 22:50:00,57.1351124
17012,13.14235468591074,2014-01-30 21:55:00,58.11633745
19397,13.140428772538252,2014-02-08 04:40:00,39.89494125
19405,13.137331902878117,2014-02-08 05:20:00,38.78312964
17014,13.13303636602251,2014-01-30 22:05:00,57.24007657
19324,13.125150422051886,2014-02-07 22:35:00,48.28377166
19407,13.124054382777478,2014-02-08 05:30:00,38.47910082
19351,13.119810272631764,2014-02-08 00:50:00,45.37164579
19380,13.107090325789981,2014-02-08 03:15:00,40.50350095
3992,13.089603690717691,2013-12-16 17:55:00,40.78222417
19373,13.039955985142242,2014-02-08 02:40:00,41.29397229
17000,12.999932619422243,2014-01-30 20:55:00,56.94732129
19393,12.9911652909097,2014-02-08 04:20:00,39.51530054
849,12.98382464445308,2013-12-05 20:00:00,53.21226224
19350,12.965248134785073,2014-02-08 00:45:00,44.19545717
19395,12.919591979863394,2014-02-08 04:30:00,39.32321689
19394,12.906444568199058,2014-02-08 04:25:00,39.34890418
19384,12.90547935107549,2014-02-08 03:35:00,40.23128179
19314,12.87160304456131,2014-02-07 21:45:00,49.57133942
19322,12.86574717836664,2014-02-07 22:25:00,48.501459
19385,12.841489659447452,2014-02-08 03:40:00,41.05704826
19406,12.80407527263647,2014-02-08 05:25:00,39.11268638
19367,12.774108786412478,2014-02-08 02:10:00,42.93136273
19379,12.768556496327786,2014-02-08 03:10:00,42.2700777
19381,12.698253142580986,2014-02-08 03:20:00,40.65499531
19342,12.693233238205506,2014-02-08 00:05:00,46.36014108
18032,12.682406994163815,2014-02-03 10:55:00,46.83084682
19372,12.643423118731908,2014-02-08 02:35:00,41.42083316
19362,12.623221071739605,2014-02-08 01:45:00,44.05794739
19313,12.613870549709521,2014-02-07 21:40:00,48.97980874
17002,12.577867925739339,2014-01-30 21:05:00,57.23661242
19396,12.542150065214097,2014-02-08 04:35:00,40.4303953
17011,12.535571337178936,2014-01-30 21:50:00,57.37256916
19307,12.49500797420458,2014-02-07 21:10:00,50.50442682
17027,12.464601141254906,2014-01-30 23:10:00,59.18470251
17028,12.463599777165513,2014-01-30 23:15:00,57.54439309
19382,12.462405318791205,2014-02-08 03:25:00,40.79634379
19360,12.439037217037493,2014-02-08 01:35:00,42.61768752
19294,12.431741112885659,2014-02-07 20:05:00,51.07622721
18033,12.425646356874479,2014-02-03 11:00:00,47.12750298
19361,12.345321823931892,2014-02-08 01:40:00,43.5560632
19343,12.34138247103793,2014-02-08 00:10:00,45.61237411
16965,12.340846607662572,2014-01-30 18:00:00,49.66754302
17996,12.332557333509094,2014-02-03 07:55:00,50.2662818
18020,12.328358532063056,2014-02-03 09:55:00,48.15278578
18031,12.29423896523652,2014-02-03 10:50:00,45.74162255
18034,12.290189803054057,2014-02-03 11:05:00,45.43152885
3993,12.280057256421982,2013-12-16 18:00:00,42.95940386
3965,12.273400314331674,2013-12-16 15:40:00,37.79127513
19772,12.243696219717517,2014-02-09 11:55:00,43.97130304
19312,12.227651717888865,2014-02-07 21:35:00,49.10182838
19308,12.223753927022349,2014-02-07 21:15:00,49.92951294
16999,12.206609426938689,2014-01-30 20:50:00,56.80423069
19368,12.185301884788416,2014-02-08 02:15:00,43.11795765
16978,12.179775088941048,2014-01-30 19:05:00,48.48863623
19349,12.167924367714514,2014-02-08 00:40:00,44.85854179
19344,12.151297309043482,2014-02-08 00:15:00,44.892107
18042,12.145872399555094,2014-02-03 11:45:00,44.21495123
16991,12.138461833175416,2014-01-30 20:10:00,54.98521325
19355,12.133021673608603,2014-02-08 01:10:00,45.16192645
17015,12.116099437141221,2014-01-30 22:10:00,58.34690682
19309,12.085554741301904,2014-02-07 21:20:00,49.44730018
3991,12.082596039359709,2013-12-16 17:50:00,41.14081509
17022,12.07333122969695,2014-01-30 22:45:00,58.48830129
18021,12.0426111689071,2014-02-03 10:00:00,48.4171427
19345,12.010451793879238,2014-02-08 00:20:00,44.4510149
19383,11.982543263557844,2014-02-08 03:30:00,41.80214643
16975,11.973119731717793,2014-01-30 18:50:00,48.42704879
19356,11.969825647269479,2014-02-08 01:15:00,44.3891277
17029,11.961338734872104,2014-01-30 23:20:00,58.0779549
16425,11.947742593965007,2014-01-28 21:00:00,59.60615645
18035,11.943998167360027,2014-02-03 11:10:00,44.67244412
19296,11.902617100848882,2014-02-07 20:15:00,49.47553976
19310,11.855362036981203,2014-02-07 21:25:00,49.59755235
19301,11.850520784285427,2014-02-07 20:40:00,49.59730685
19370,11.844948803848224,2014-02-08 02:25:00,42.76450933
19346,11.817418284179556,2014-02-08 00:25:00,44.50873845
19311,11.805851439158236,2014-02-07 21:30:00,49.71708375
18009,11.802620498064849,2014-02-03 09:00:00,49.49746594
3994,11.80197921010599,2013-12-16 18:05:00,42.1564866
18041,11.769106991066353,2014-02-03 11:40:00,43.9247014
16161,11.764522675980997,2014-01-27 23:00:00,63.27012433
2301,11.762594533729231,2013-12-10 21:00:00,54.87984231
19302,11.756647566128928,2014-02-07 20:45:00,51.07746106
850,11.743956564583074,2013-12-05 20:05:00,54.30013819
17003,11.715259717296203,2014-01-30 21:10:00,57.84436998
19295,11.686153614614387,2014-02-07 20:10:00,51.26331469
19359,11.68498878456901,2014-02-08 01:30:00,43.90195256
18008,11.678111454749759,2014-02-03 08:55:00,50.43692539
17016,11.676447432404725,2014-01-30 22:15:00,58.13930355
851,11.666983821367307,2013-12-05 20:10:00,52.69490606
17010,11.666851097239238,2014-01-30 21:45:00,58.00216834
19371,11.636808394499624,2014-02-08 02:30:00,43.21855143
19347,11.634269562364347,2014-02-08 00:30:00,44.92545998
17021,11.606818886528389,2014-01-30 22:40:00,58.366883400000006
19358,11.592939517851713,2014-02-08 01:25:00,44.10650919
18030,11.583329868279144,2014-02-03 10:45:00,45.83463393
17030,11.581019445520273,2014-01-30 23:25:00,58.77309505
17004,11.576417239894667,2014-01-30 21:15:00,56.69657217
16641,11.56380865921383,2014-01-29 15:00:00,49.54793659
19369,11.55193959098316,2014-02-08 02:20:00,43.77390143
16640,11.534299324604834,2014-01-29 14:55:00,49.50547939
18007,11.523798525308768,2014-02-03 08:50:00,48.63095252
17995,11.511621406485563,2014-02-03 07:50:00,50.22150673
17984,11.505154104958699,2014-02-03 06:55:00,52.72023489
19348,11.496081815104569,2014-02-08 00:35:00,45.63077534
16172,11.474861187972204,2014-01-27 23:55:00,64.42832085
17009,11.467173762565595,2014-01-30 21:40:00,57.03736024
16964,11.462184127404862,2014-01-30 17:55:00,51.62702323
16979,11.453663100701247,2014-01-30 19:10:00,48.63583292
16988,11.446383524369788,2014-01-30 19:55:00,52.94417072
2289,11.434735589409215,2013-12-10 20:00:00,54.37631662
18022,11.431583505873435,2014-02-03 10:05:00,47.84020769
16998,11.405985385221472,2014-01-30 20:45:00,57.20724499
3990,11.40050335450801,2013-12-16 17:45:00,41.16242458
320,11.370973673187521,2013-12-03 23:55:00,65.90649636
19357,11.35409391021745,2014-02-08 01:20:00,45.02539706
17018,11.346991643652299,2014-01-30 22:25:00,57.58096993
17017,11.34238078812139,2014-01-30 22:20:00,58.13423089
16424,11.338021860619623,2014-01-28 20:55:00,59.94988775
16966,11.330168666548554,2014-01-30 18:05:00,50.14181856
17019,11.32691456093852,2014-01-30 22:30:00,57.64509018
17005,11.321511889153223,2014-01-30 21:20:00,56.44837741
17036,11.291974367267244,2014-01-30 23:55:00,70.49276108
3995,11.288043085564997,2013-12-16 18:10:00,41.81195211
18019,11.260287338953926,2014-02-03 09:50:00,48.73634681
17031,11.254672479242288,2014-01-30 23:30:00,59.87525736
16437,11.229864783479123,2014-01-28 22:00:00,64.34631662
2313,11.225633753431747,2013-12-10 22:00:00,58.11937337
16149,11.224608980101221,2014-01-27 22:00:00,63.03556053
19300,11.22411270925387,2014-02-07 20:35:00,50.31178874
16435,11.206445116009418,2014-01-28 21:50:00,59.27566241
17020,11.19605837107081,2014-01-30 22:35:00,58.61288987
17997,11.173158091422403,2014-02-03 08:00:00,51.81597989
16992,11.172834643599893,2014-01-30 20:15:00,56.36701989
16160,11.152785302272893,2014-01-27 22:55:00,63.31357908
16974,11.132783283344422,2014-01-30 18:45:00,48.87283426
18037,11.131508629469014,2014-02-03 11:20:00,44.6126224
16993,11.130223117994163,2014-01-30 20:20:00,55.48418812
18010,11.128959089987122,2014-02-03 09:05:00,49.06554792
17008,11.12640313033455,2014-01-30 21:35:00,57.05290695
19297,11.109180189499366,2014-02-07 20:20:00,50.60060323
17973,11.100618540217381,2014-02-03 06:00:00,53.81547716
17998,11.06603317585115,2014-02-03 08:05:00,49.81559975
16426,11.04944294935831,2014-01-28 21:05:00,59.80802307
2300,11.027522296531796,2013-12-10 20:55:00,55.52009202
17985,11.019693180549437,2014-02-03 07:00:00,53.67776283
17983,10.946080482985229,2014-02-03 06:50:00,51.98615458
16652,10.943760458848633,2014-01-29 15:55:00,51.31023834
16639,10.908460203082374,2014-01-29 14:50:00,48.92701514
18023,10.905199836918797,2014-02-03 10:10:00,47.47862847
16987,10.88656613544924,2014-01-30 19:50:00,52.10914701
18038,10.880248290524756,2014-02-03 11:25:00,44.80696725
16963,10.873070401913596,2014-01-30 17:50:00,50.90716465
3957,10.871448442985905,2013-12-16 15:00:00,45.20852682
18040,10.870320271931421,2014-02-03 11:35:00,45.22417529
16997,10.864432575897252,2014-01-30 20:40:00,57.32655973
19299,10.857124307729718,2014-02-07 20:30:00,50.80944237
17972,10.844536613560491,2014-02-03 05:55:00,55.0147672
18036,10.842930204421094,2014-02-03 11:15:00,46.08151724
16196,10.841196909689922,2014-01-28 01:55:00,58.13415044
3989,10.836710254685249,2013-12-16 17:40:00,41.29106488
16436,10.83443792843937,2014-01-28 21:55:00,63.7005295
16434,10.8238998597339,2014-01-28 21:45:00,58.3204945
16148,10.801951480035624,2014-01-27 21:55:00,62.52774887
19298,10.795052301987289,2014-02-07 20:25:00,50.96662291
18039,10.781188270100499,2014-02-03 11:30:00,45.03879087
2013,10.780976173261768,2013-12-09 21:00:00,58.30628695
18024,10.77616858830985,2014-02-03 10:15:00,46.55879317
3956,10.771714225643418,2013-12-16 14:55:00,45.33579904
16427,10.737587894363214,2014-01-28 21:10:00,58.60174975
16653,10.727231052271225,2014-01-29 16:00:00,52.20388192
16994,10.70061197558866,2014-01-30 20:25:00,56.2721662
17994,10.689539810311405,2014-02-03 07:45:00,50.59661334
2290,10.678029354600952,2013-12-10 20:05:00,54.14597609
17986,10.676731719922332,2014-02-03 07:05:00,52.35162439
18018,10.676223623007104,2014-02-03 09:45:00,48.51089795
18028,10.670629068753176,2014-02-03 10:35:00,46.00798634
16967,10.652102049792315,2014-01-30 18:10:00,50.16286418
3872,10.651086846867765,2013-12-16 07:55:00,48.84738522
3964,10.641517831798426,2013-12-16 15:35:00,40.46142699
8373,10.639015691385136,2013-12-31 23:00:00,95.49245046
3944,10.626191555794463,2013-12-16 13:55:00,45.66502197
16171,10.624319461178086,2014-01-27 23:50:00,64.47514504
8384,10.610116845070301,2013-12-31 23:55:00,95.19612651
2302,10.598566529140331,2013-12-10 21:05:00,55.81074912
17961,10.579194556847144,2014-02-03 05:00:00,55.78266146
3945,10.577849610986117,2013-12-16 14:00:00,45.78300206
17948,10.5750994768519,2014-02-03 03:55:00,57.24896251
16973,10.574413542847022,2014-01-30 18:40:00,49.01703528
17035,10.564810722178105,2014-01-30 23:50:00,69.87136359
853,10.562289670756398,2013-12-05 20:20:00,53.39950217
17007,10.530865689949229,2014-01-30 21:30:00,58.42026449
16953,10.529621334260884,2014-01-30 17:00:00,54.42256239
16642,10.51179329484578,2014-01-29 15:05:00,50.13502776
18006,10.509048846890984,2014-02-03 08:45:00,49.52295139
16159,10.508623853988956,2014-01-27 22:50:00,62.56045948
17006,10.508454701227876,2014-01-30 21:25:00,58.49346052
16340,10.506241126567172,2014-01-28 13:55:00,51.36715367
852,10.487937438110292,2013-12-05 20:15:00,54.52217181
18043,10.48025046767695,2014-02-03 11:50:00,49.97062583
17960,10.466168308181075,2014-02-03 04:55:00,56.76640281
16980,10.45390413995268,2014-01-30 19:15:00,49.97946841
16972,10.45374933695599,2014-01-30 18:35:00,48.44266497
2312,10.451490220047052,2013-12-10 21:55:00,58.80976586
3996,10.450179284124918,2013-12-16 18:15:00,42.55128466
17936,10.448707028387455,2014-02-03 02:55:00,58.62164145
16162,10.43458314159663,2014-01-27 23:05:00,65.27409524
16376,10.427842172604972,2014-01-28 16:55:00,52.07482124
16438,10.422535754359808,2014-01-28 22:05:00,64.21539356
16377,10.403371167522028,2014-01-28 17:00:00,52.55011326
18026,10.401188418750499,2014-02-03 10:25:00,46.24988012
16996,10.391231214414447,2014-01-30 20:35:00,57.7632861
2012,10.377449389821873,2013-12-09 20:55:00,57.97016230000001
18029,10.376959135805281,2014-02-03 10:40:00,47.54683829
3933,10.370720958649338,2013-12-16 13:00:00,46.26625835
17974,10.358731461673868,2014-02-03 06:05:00,53.54966189
17313,10.34869480673801,2014-01-31 23:00:00,91.19153642
16428,10.317630593788193,2014-01-28 21:15:00,58.32864036
16184,10.312782854576527,2014-01-28 00:55:00,61.35297027
16158,10.305908587552334,2014-01-27 22:45:00,60.83858641
16150,10.303625672837661,2014-01-27 22:05:00,63.35448886
17959,10.302387207139953,2014-02-03 04:50:00,54.80554442
16986,10.29844925711985,2014-01-30 19:45:00,51.86265649
3998,10.292711583184927,2013-12-16 18:25:00,41.79045369
16629,10.291770022460202,2014-01-29 14:00:00,53.03863187
17324,10.276774023264245,2014-01-31 23:55:00,89.09682918
3921,10.26554347519988,2013-12-16 12:00:00,46.61640041
16341,10.264764187794722,2014-01-28 14:00:00,52.06619321
16995,10.259347510394102,2014-01-30 20:30:00,57.64797474
854,10.25850247955964,2013-12-05 20:25:00,53.76591516
16137,10.255733531275819,2014-01-27 21:00:00,64.70078983
16423,10.23174381915328,2014-01-28 20:50:00,60.88678265
2168,10.231525339401879,2013-12-10 09:55:00,48.90238468
16638,10.230695592656607,2014-01-29 14:45:00,48.94140441
3932,10.213878316740164,2013-12-16 12:55:00,46.76427792
16970,10.213809349212044,2014-01-30 18:25:00,48.62839923
17032,10.211056176322971,2014-01-30 23:35:00,64.43061487
16449,10.177087626829712,2014-01-28 23:00:00,72.64228112
7232,10.174546018590089,2013-12-27 23:55:00,70.61343106
16197,10.174165427706575,2014-01-28 02:00:00,59.15661573
16971,10.171904419079096,2014-01-30 18:30:00,48.74219155
19281,10.155971355417249,2014-02-07 19:00:00,51.49392143
16628,10.154894196310995,2014-01-29 13:55:00,53.45964153
17987,10.149385020265274,2014-02-03 07:10:00,51.97540589
3997,10.14024347254919,2013-12-16 18:20:00,42.49538316
16643,10.139321107404944,2014-01-29 15:10:00,49.31933643
18011,10.133826641395904,2014-02-03 09:10:00,49.91850516
16651,10.111146540756142,2014-01-29 15:50:00,51.28848463
16364,10.106019865765438,2014-01-28 15:55:00,52.73068707
16365,10.097059459493968,2014-01-28 16:00:00,53.03037774
16952,10.085004243112108,2014-01-30 16:55:00,55.41908727
2156,10.084310379233283,2013-12-10 08:55:00,49.87833928
16968,10.083039442593073,2014-01-30 18:15:00,50.34757204
3963,10.077666207547477,2013-12-16 15:30:00,41.30898865
319,10.06435472640951,2013-12-03 23:50:00,67.95144903
17971,10.058883492094939,2014-02-03 05:50:00,54.8638041
8372,10.043204150931615,2013-12-31 22:55:00,95.51035764
3920,10.033218936991744,2013-12-16 11:55:00,47.42435797
17999,10.025087943276885,2014-02-03 08:10:00,50.81262286
17924,10.016611694104212,2014-02-03 01:55:00,61.2671666
2303,10.010772756278143,2013-12-10 21:10:00,55.56717583
3861,10.002705424626583,2013-12-16 07:00:00,50.45056375
2180,9.992121373984531,2013-12-10 10:55:00,49.06922138
16170,9.99005753228872,2014-01-27 23:45:00,64.32299906
3885,9.982269777114468,2013-12-16 09:00:00,48.30739042
17993,9.975991129488099,2014-02-03 07:40:00,51.12552639
16439,9.973151563529145,2014-01-28 22:10:00,63.32540898
17949,9.97133450203826,2014-02-03 04:00:00,58.2927741
8361,9.96783519560466,2013-12-31 22:00:00,94.60658853
8096,9.962464442701265,2013-12-30 23:55:00,92.15360623
19292,9.95939243450992,2014-02-07 19:55:00,52.05680749
16940,9.956626601089033,2014-01-30 15:55:00,55.51126862
16136,9.956163354115478,2014-01-27 20:55:00,63.84368444
8672,9.955780042266952,2014-01-01 23:55:00,98.74310463
8661,9.953294437326072,2014-01-01 23:00:00,98.61926621
16432,9.948794419048719,2014-01-28 21:35:00,58.43710649
17937,9.935837624402668,2014-02-03 03:00:00,59.26754636
2299,9.92594765106332,2013-12-10 20:50:00,56.28727277
16981,9.914194199404932,2014-01-30 19:20:00,50.5490169
2169,9.91006987943015,2013-12-10 10:00:00,49.26750333
16433,9.902801872899847,2014-01-28 21:40:00,59.71173284
344,9.8945647646336,2013-12-04 01:55:00,60.52991525
19280,9.89397082900746,2014-02-07 18:55:00,51.58508497
18004,9.893860600906155,2014-02-03 08:35:00,48.93508502
16654,9.892897787579528,2014-01-29 16:05:00,52.19211957
848,9.881727714297464,2013-12-05 19:55:00,53.83973553
2144,9.878444893330435,2013-12-10 07:55:00,51.95083115
16185,9.87609628380365,2014-01-28 01:00:00,61.467086
8085,9.862408293107428,2013-12-30 23:00:00,89.64596975
16422,9.836189364193451,2014-01-28 20:45:00,59.91922203
17033,9.821139033338223,2014-01-30 23:40:00,67.66428319
2314,9.802961163485833,2013-12-10 22:05:00,60.00619247
345,9.80173287886422,2013-12-04 02:00:00,59.63744866
18017,9.800462003033267,2014-02-03 09:40:00,49.47535323
861,9.792901469679435,2013-12-05 21:00:00,65.13108334
2298,9.792741345109198,2013-12-10 20:45:00,54.73553617
8383,9.782918930247352,2013-12-31 23:50:00,95.33048815
3908,9.775138933594436,2013-12-16 10:55:00,48.41482013
18000,9.774776885440303,2014-02-03 08:15:00,50.12846268
16665,9.771954955517753,2014-01-29 17:00:00,55.63758459
16954,9.770907458204363,2014-01-30 17:05:00,54.17087728
18025,9.768451154211553,2014-02-03 10:20:00,48.22882113
17034,9.767312496977725,2014-01-30 23:45:00,70.57282363
16151,9.759627862576552,2014-01-27 22:10:00,62.85875582
16941,9.754816769615193,2014-01-30 16:00:00,56.49139891
8374,9.748838090879625,2013-12-31 23:05:00,94.9120493
16195,9.745773854755384,2014-01-28 01:50:00,58.98263906
18015,9.744196066614556,2014-02-03 09:30:00,48.31568935
16983,9.741870486807395,2014-01-30 19:30:00,50.56659629
16352,9.733735138276032,2014-01-28 14:55:00,53.69675187
16125,9.730755113878393,2014-01-27 20:00:00,64.7683731
16664,9.730010208822184,2014-01-29 16:55:00,55.32814204
2001,9.720553718633644,2013-12-09 20:00:00,60.10791972
17301,9.718135325537446,2014-01-31 22:00:00,90.32649281
17312,9.714685068946633,2014-01-31 22:55:00,90.28221963
16448,9.714681805780504,2014-01-28 22:55:00,71.78119931
16460,9.713869805449876,2014-01-28 23:55:00,76.01164706
7808,9.712177498985357,2013-12-29 23:55:00,86.48939882
2291,9.711083506971345,2013-12-10 20:10:00,54.97357442
16173,9.710488469623314,2014-01-28 00:00:00,63.65916172
16138,9.710354391584152,2014-01-27 21:05:00,63.5072944
7797,9.7082044934414,2013-12-29 23:00:00,86.18316334
16982,9.701490381806988,2014-01-30 19:25:00,50.67751096
3884,9.687617439191063,2013-12-16 08:55:00,49.68919324
309,9.67252350145895,2013-12-03 23:00:00,74.77344761
17991,9.667637478162453,2014-02-03 07:30:00,50.63527694
16984,9.665258864245551,2014-01-30 19:35:00,51.26191674
3871,9.662808766114214,2013-12-16 07:50:00,49.21029401
16401,9.660489732391522,2014-01-28 19:00:00,56.25139091
18013,9.658775457841118,2014-02-03 09:20:00,48.96407003
18012,9.649937875763623,2014-02-03 09:15:00,49.86739198
17037,9.642435295099768,2014-01-31 00:00:00,69.34570478
855,9.64057934676191,2013-12-05 20:30:00,55.48784973
16339,9.640192421362636,2014-01-28 13:50:00,51.44147553
16969,9.630227646925624,2014-01-30 18:20:00,50.67824832
9740,9.628865102018809,2014-01-05 16:55:00,52.86051460000001
16198,9.625032304937225,2014-01-28 02:05:00,58.19182156
16962,9.623520090646462,2014-01-30 17:45:00,52.58689904
16431,9.622156753545866,2014-01-28 21:30:00,58.96022521
3897,9.618606137942871,2013-12-16 10:00:00,48.80167321
18027,9.61172686227023,2014-02-03 10:30:00,48.20282348
16163,9.609592813882117,2014-01-27 23:10:00,65.93981719
2132,9.59955204137987,2013-12-10 06:55:00,53.03716417
3909,9.585419655488396,2013-12-16 11:00:00,48.5520704
3896,9.584354649888374,2013-12-16 09:55:00,49.37605213
17975,9.580107825119951,2014-02-03 06:10:00,53.84124637
16147,9.576725371579965,2014-01-27 21:50:00,64.04102476
16413,9.573063732782806,2014-01-28 20:00:00,66.93468942
2193,9.571531717600331,2013-12-10 12:00:00,49.59618902
3958,9.56232265933781,2013-12-16 15:05:00,46.34479413
16353,9.550972029176664,2014-01-28 15:00:00,54.40870225
17982,9.543770771931314,2014-02-03 06:45:00,53.93649222
18016,9.540612478275616,2014-02-03 09:35:00,49.27527992
8360,9.535390380586454,2013-12-31 21:55:00,95.9552957
16630,9.528517792588062,2014-01-29 14:05:00,52.81191986
17963,9.52447639435335,2014-02-03 05:10:00,54.48414675
2205,9.519975887407055,2013-12-10 13:00:00,49.62962429
17992,9.51910841469896,2014-02-03 07:35:00,51.43447038
3873,9.51078362683177,2013-12-16 08:00:00,50.14519639
16375,9.503617862982766,2014-01-28 16:50:00,52.32235355
2181,9.503366229666051,2013-12-10 11:00:00,50.00490871
17314,9.501027649230608,2014-01-31 23:05:00,91.00267853
18005,9.497765352153772,2014-02-03 08:40:00,50.88528478
16644,9.49417673118266,2014-01-29 15:15:00,49.70718542
16650,9.492161270316087,2014-01-29 15:45:00,51.13580036
2014,9.486013388125313,2013-12-09 21:05:00,59.77711498
2311,9.47858646375695,2013-12-10 21:50:00,59.24327878
16157,9.470315091868999,2014-01-27 22:40:00,62.04657320000001
16737,9.46999752397113,2014-01-29 23:00:00,84.23108265
2204,9.467683982918977,2013-12-10 12:55:00,49.8900245
8649,9.462789263937129,2014-01-01 22:00:00,99.48358878
9728,9.455525182701502,2014-01-05 15:55:00,53.08527732
332,9.448415213811142,2013-12-04 00:55:00,63.61616805
16153,9.441444343409099,2014-01-27 22:20:00,60.92892473
17323,9.43913317116128,2014-01-31 23:50:00,89.16011757
16637,9.437196172750294,2014-01-29 14:40:00,49.72371475
8349,9.433329511104475,2013-12-31 21:00:00,94.79135342
16748,9.424435164376252,2014-01-29 23:55:00,86.65496292
2167,9.413180391205906,2013-12-10 09:50:00,48.84619029
16429,9.409912611592354,2014-01-28 21:20:00,60.25388964
17962,9.40648582852756,2014-02-03 05:05:00,56.7649007
17181,9.400780508640814,2014-01-31 12:00:00,58.76536582
2292,9.40018257296109,2013-12-10 20:15:00,54.43017891
16342,9.39836927910877,2014-01-28 14:05:00,52.14876646
17976,9.39738215801374,2014-02-03 06:15:00,52.97369337
17180,9.396433788907922,2014-01-31 11:55:00,59.13293325
885,9.385383443129133,2013-12-05 23:00:00,72.63361488
2216,9.383754710786038,2013-12-10 13:55:00,50.0099379
16985,9.383236766455722,2014-01-30 19:40:00,53.08435057
333,9.379364808462679,2013-12-04 01:00:00,62.35719049
1749,9.37811424330409,2013-12-08 23:00:00,66.26570296
17947,9.375734738075504,2014-02-03 03:50:00,58.36580995
19282,9.367630361906905,2014-02-07 19:05:00,51.35311072
2145,9.362783552926482,2013-12-10 08:00:00,51.85404217
8660,9.361359843577217,2014-01-01 22:55:00,98.68523758
7231,9.359181938445092,2013-12-27 23:50:00,70.47995338
7509,9.35745907174684,2013-12-28 23:00:00,82.4277598
12105,9.356604727728495,2014-01-13 21:00:00,61.39523263
16366,9.35177008923827,2014-01-28 16:05:00,52.75024706
3999,9.341450735226914,2013-12-16 18:30:00,43.92541428
3860,9.335053990987129,2013-12-16 06:55:00,52.52687481
16440,9.33256220546177,2014-01-28 22:15:00,63.87055072
16169,9.328469054145662,2014-01-27 23:40:00,64.97955118
16951,9.327465558398405,2014-01-30 16:50:00,55.14880825
3931,9.32444558804643,2013-12-16 12:50:00,46.88716102
7520,9.322712287679275,2013-12-28 23:55:00,83.91691377
2217,9.318869784514781,2013-12-10 14:00:00,50.18637613
16929,9.311178606022889,2014-01-30 15:00:00,57.69074386
16164,9.309945301767186,2014-01-27 23:15:00,65.05955289
18001,9.306925449836504,2014-02-03 08:20:00,50.48572661
16645,9.305020213978068,2014-01-29 15:20:00,49.3111998
21,9.304044051298199,2013-12-02 23:00:00,81.25978065
862,9.302526039925295,2013-12-05 21:05:00,63.75501432
17988,9.299180834006552,2014-02-03 07:15:00,52.88545179
17612,9.298733328946556,2014-02-01 23:55:00,92.91797332
16156,9.297533725117122,2014-01-27 22:35:00,61.4469818
19269,9.2965596222203,2014-02-07 18:00:00,53.2899425
16183,9.293860029375477,2014-01-28 00:50:00,62.02220592
16208,9.288801905599259,2014-01-28 02:55:00,62.35734403
3955,9.287316490294545,2013-12-16 14:50:00,46.9063076
8073,9.287180727206103,2013-12-30 22:00:00,90.30838796
16450,9.287082835155825,2014-01-28 23:05:00,72.97278079
860,9.28191418888043,2013-12-05 20:55:00,65.13339739999999
32,9.281592049495108,2013-12-02 23:55:00,81.43553422
17048,9.27865086132432,2014-01-31 00:55:00,71.47619962
17925,9.27818878045798,2014-02-03 02:00:00,62.63358627
8084,9.272547337566653,2013-12-30 22:55:00,89.92660546
16631,9.271349767354245,2014-01-29 14:10:00,51.59174470000001
16378,9.268850919845432,2014-01-28 17:05:00,53.44413129
3946,9.268155763966899,2013-12-16 14:05:00,46.93858357
2011,9.265426629564748,2013-12-09 20:50:00,58.83395643
17970,9.264328642396977,2014-02-03 05:45:00,55.21377671
9741,9.257723443574394,2014-01-05 17:00:00,54.35474691
2315,9.257341041364151,2013-12-10 22:10:00,59.58708718
16713,9.25600483082587,2014-01-29 21:00:00,73.54765305
2192,9.242323299887063,2013-12-10 11:55:00,50.7324338
16430,9.236945421155543,2014-01-28 21:25:00,60.27180889
3962,9.23264150098329,2013-12-16 15:25:00,43.17745454
16244,9.227341900177587,2014-01-28 05:55:00,59.70136962
17601,9.227081656554159,2014-02-01 23:00:00,91.58209658
9729,9.22634839079438,2014-01-05 16:00:00,54.03061877
16152,9.224627598274008,2014-01-27 22:15:00,62.97997105
17935,9.223581355177158,2014-02-03 02:50:00,59.87904039
2304,9.217028409064447,2013-12-10 21:15:00,56.41556746
318,9.210348159269651,2013-12-03 23:45:00,68.81053857
16421,9.207411643041501,2014-01-28 20:40:00,60.35395263
2157,9.205485422641008,2013-12-10 09:00:00,51.67185689
